<!-- Add to /sampleproject  pom (parent-pom) around line 148 -->

			<!-- Apache Sling Dependencies -->
				<dependency>
					<groupId>org.apache.sling</groupId>
					<artifactId>org.apache.sling.api</artifactId>
					<version>2.3.0</version>
					<scope>provided</scope>
				</dependency>		
				
				
				
				<!-- servlet API -->
				<dependency>
					<groupId>javax.servlet</groupId>
					<artifactId>servlet-api</artifactId>
					<version>2.4</version>
					<scope>provided</scope>
				</dependency>
						
				<dependency>
					<groupId>javax.servlet.jsp</groupId>
					<artifactId>jsp-api</artifactId>
					<version>2.1</version>
					<scope>provided</scope>
				</dependency>
				
				
<!-- Add to /sampleproject/company-core  pom   around line 129 -->

	<!-- Apache Sling Dependencies -->
		<dependency>
			<groupId>org.apache.sling</groupId>
			<artifactId>org.apache.sling.api</artifactId>
		</dependency>						

		<!-- servlet API -->
		<dependency>
			<groupId>javax.servlet</groupId>
			<artifactId>servlet-api</artifactId>
		</dependency>
						
		<dependency>
			<groupId>javax.servlet.jsp</groupId>
			<artifactId>jsp-api</artifactId>
		</dependency>	
		